ID,First Name,Middle Name,Last Name,Category ID,Link to the SIGGRAPH History Archive,Category Description,Role
0001,Victor,,Acevedo,4,,Pioneer,1983 Pioneer
0002,Victor,,Acevedo,5,,SIGGRAPH Committee,Digital Arts Committee
0003,Paula,Gaetano,Adi,2,,Conference Committee,2017 Art Gallery Chair
0004,Akshay,,Agarwal,2,https://history.siggraph.org/person/akshay-agarwal/,Conference Committee,2016-2017 Mobile Chair
0005,Maneesh,,Agrawala,1,,Award,2008 Significant New Researcher Award
0006,Kurt,,Akeley,1,,Award,1995 Computer Graphics Achievement Award
0007,Kurt,,Akeley,1,,Award,2018 SIGGRAPH Academy
0008,Kurt,,Akeley,2,,Conference Committee,2000 Papers Chair
0009,Kurt,,Akeley,4,,Pioneer,1995 Pioneer
0010,Marc,,Alexa,1,,Award,2022 SIGGRAPH Academy
0011,Marc,,Alexa,2,,Conference Committee,2006 Sketches & Apps Chair
0012,Marc,,Alexa,2,,Conference Committee,2007 Posters Chair
0013,Marc,,Alexa,2,,Conference Committee,2013 Technical Papers Chair
0014,Ginger,,Alford,2,,Conference Committee,"2014, 2016 Education Liaison"
0015,Ginger,,Alford,2,,Conference Committee,2019-2020 General Submissions Chair
0016,Ginger,,Alford,2,,Conference Committee,2023 Frontiers Chair
0017,Jordi,,Alonso,4,,Pioneer,1988 Pioneer
0018,Ed,,Angel,1,,Award,2022 Distinguished Educator Award
0019,Ed,,Angel,1,,Award,2022 SIGGRAPH Academy
0020,Ed,,Angel,4,,Pioneer,1975 Pioneer
0021,Ed,,Angel,6,,Chapters,"1990-1995 Vice-Chair, Rio Grande Chapter"
0022,Roy,C,Anthony,2,,Conference Committee,2018 Conference Chair
0023,Roy,C,Anthony,2,,Conference Committee,2014-2016 CAF Chair
0024,Roy,C,Anthony,2,,Conference Committee,2022 Special Projects Chair
0025,Nik,,Apostolides,2,,Conference Committee,2020 Art Gallery Chair
0026,Diana,,Arellano,2,,Conference Committee,2017-2018 International Resources Chair
0027,Diana,,Arellano,2,,Conference Committee,2022 Student Volunteers Chair
0028,Norman,,Badler,1,,Award,2021 SIGGRAPH Academy
0029,Norman,,Badler,2,,Conference Committee,1977-1979 Courses Chair
0030,Norman,,Badler,3,,Executive Committee,1978-1981 Executive Committee
0031,Norman,,Badler,4,,Pioneer,1968 Pioneer
0032,Norman,,Badler,5,,SIGGRAPH Committee,1987 Awards Committee
0033,Ronald,,Baecker,2,,Conference Committee,1983 Panels Chair
0034,Larry,,Bafia,2,,Conference Committee,2018 Computer Animation Festival Producer
0035,Larry,,Bafia,2,,Conference Committee,2020 Creative Development Director
0036,Larry,,Bafia,2,,Conference Committee,2021 VR Theater Director
0037,Mike,,Bailey,2,,Conference Committee,1991 Conference Chair
0038,Mike,,Bailey,2,,Conference Committee,"1984-1985, 1987-1988, 1994 Courses Chair"
0039,Mike,,Bailey,2,,Conference Committee,"1992-1994, 1996-2000 Fundamentals Seminars"
0040,Mike,,Bailey,2,,Conference Committee,2011-2012 Education Director
0041,Mike,,Bailey,3,,Executive Committee,1986-97 Executive Committee
0042,Mike,,Bailey,4,,Pioneer,1984 Pioneer
0043,Kavita,,Bala,1,,Award,2020 Computer Graphics Achievement Award
0044,Kavita,,Bala,1,,Award,2020 SIGGRAPH Academy
0045,Adam,,Bargteil,3,https://history.siggraph.org/person/adam-bargteil/,Executive Committee,2016-2021 Executive Committee Member
0046,Jesse,,Barker,2,,Conference Committee,2014-2015 SIGGRAPH Mobile Chair
0047,Jesse,,Barker,2,,Conference Committee,2018 Real-Time Live! Chair
0048,Jesse,,Barker,3,,Executive Committee,2020-2023 Executive Committee
0049,Elizabeth,,Baron,1,,Award,2020 Practitioner Award
0050,Elizabeth,,Baron,1,,Award,2020 SIGGRAPH Academy
0051,Elizabeth,,Baron,3,,Executive Committee,2021-2023 Executive Committee
0052,Alan,,Barr,1,,Award,1988 Computer Graphics Achievement Award
0053,Alan,,Barr,1,,Award,2018 SIGGRAPH Academy
0054,Alan,,Barr,4,,Pioneer,1988
0055,Marc ,J.,Barr,1,,Award,2021 Outstanding Service Award
0056,Marc ,J.,Barr,2,,Conference Committee,2015 Conference Chair
0057,Marc ,J.,Barr,2,,Conference Committee,"2000, 2002 SIGKids Chair"
0058,Marc ,J.,Barr,2,,Conference Committee,2006 Educators Program
0059,Marc ,J.,Barr,3,,Executive Committee,1996-1997 Executive Committee
0060,Marc ,J.,Barr,3,,Executive Committee,2017-2020 CAG Chair
0061,Marc ,J.,Barr,4,,Pioneer,1984 Pioneer
0062,Marc ,J.,Barr,5,,SIGGRAPH Committee,"1993-1998, 2005-2006 Education Committee"
0063,Marc ,J.,Barr,5,,SIGGRAPH Committee,2021-2023 Awards Committee
0064,Marc ,J.,Barr,5,,SIGGRAPH Committee,2020-2022 Nominations Committee
0065,Rick,,Barry,2,,Conference Committee,2003 Courses Chair
0066,Rick,,Barry,3,,Executive Committee,2006-2008 Executive Committee
0067,Lyn,,Bartram,2,,Conference Committee,1993 Student Volunteers Chair
0068,Lyn,,Bartram,2,,Conference Committee,1996 Online Publications and Promotion Chair
0069,Lyn,,Bartram,4,,Pioneer,1993 Pioneer
0070,Ronen,,Barzel,2,,Conference Committee,2009 Conference Chair
0071,Ronen,,Barzel,2,,Conference Committee,2004 Posters Chair
0072,Ronen,,Barzel,2,,Conference Committee,2004 Sketches & Apps Chair
0073,Tony,,Baylis,3,,Executive Committee,2003-2005 Executive Committee
0074,Patricia,,Beckmann-Wells,2,,Conference Committee,2005 Educations Program Chair
0075,Patricia,,Beckmann-Wells,2,,Conference Committee,2007-2008 FJORG! Chair
0076,Patricia,,Beckmann-Wells,2,,Conference Committee,2013 Studio Chair
0077,Tomasz,,Bednarz,2,,Conference Committee,2021 Frontiers Chair
0078,Dani,,Belko,2,,Conference Committee,2017 Posters Chair
0079,Dani,,Belko,2,,Conference Committee,2020 E-Tech Chair
0080,Bob,C.,Berger,2,,Conference Committee,2013-2014 Organizational Development
0081,R. Daniel,,Bergeron,2,,Conference Committee,1982 Papers Chairs
0082,R. Daniel,,Bergeron,2,,Conference Committee,1990-1991 Fundamentals Seminars
0083,R. Daniel,,Bergeron,2,,Conference Committee,2016 Posters Chair
0084,R. Daniel,,Bergeron,4,,Pioneer,1982 Pioneer
0085,Joanna,,Berzowska,2,,Conference Committee,2011 Art Papers Chair
0086,Pierre,,Bezier,1,,Award,1985 Steven Anson Coons Award
0087,Pierre,,Bezier,4,,Pioneer,1985 Pioneer
0088,Jacky,,Bibliowicz,2,,Conference Committee,2014-2016 International Resources Co-Chair
0089,Mark,,Billinghurst,4,,Pioneer,1989 Pioneer
0090,Mark,,Billinghurst,5,,SIGGRAPH Committee,2019-2023 Interactive and Immersive Committee
0091,Mark,,Billinghurst,5,,SIGGRAPH Committee,2019-2023 External Relations Committee
0092,Sam,Lord,Black,2,,Conference Committee,2005 CAF / Electronic Theater Chair
0093,Brian,,Blau,2,,Conference Committee,1994 Local Arrangements Chair
0094,Brian,,Blau,2,,Conference Committee,1996 E-Tech Chair
0095,Brian,,Blau,2,,Conference Committee,1999 CAF / Electronic Theater Chair
0096,Brian,,Blau,4,,Pioneer,1994 Pioneer
0097,Ari,,Blenkhorn,4,,Pioneer,1993 Pioneer
0098,Jim,,Blinn,1,,Award,1983 Computer Graphics Achievement Award
0099,Jim,,Blinn,1,,Award,1999 Steven Anson Coons Award
0100,Jim,,Blinn,1,,Award,2018 SIGGRAPH Academy
0101,Jim,,Blinn,4,,Pioneer,1968 Pioneer
0102,Sara,A.,Bly,2,,Conference Committee,1987 Panels Chair
0103,Sara,A.,Bly,3,,Executive Committee,1979-1984 Executive Committee
0104,Sara,A.,Bly,4,,Pioneer,1985 Pioneer
0105,Kellogg,S.,Booth,1,,Award,2010 Outstanding Service Award
0106,Kellogg,S.,Booth,2,,Conference Committee,1983 Conference Chair
0107,Kellogg,S.,Booth,3,,Executive Committee,1985-1992 Executive Committee
0108,Kalina,,Borkiewicz,2,,Conference Committee,2023 Electronic Theater Director
0109,Dagmar,,Bornemann,4,,Pioneer,1994 Pioneer
0110,Pete,,Braccio,2,,Conference Committee,2011 Conference Chair
0111,Pete,,Braccio,2,,Conference Committee,"2000, 2003-2005 Studio Chair"
0112,Pete,,Braccio,2,,Conference Committee,2006-2009 Donations / Sponsorship
0113,David,,Breen,4,,Pioneer,1982 Pioneer
0114,Chris,,Bregler,2,,Conference Committee,2004 CAF / Electronic Theater Chair
0115,Fred,,Brooks,1,,Award,2019 SIGGRAPH Academy
0116,Fred,,Brooks,4,,Pioneer,1985 Pioneer
0117,Judy,,Brown,1,,Award,2004 Outstanding Service Award
0118,Judy,,Brown,2,,Conference Committee,1992-1994 Fundamentals Seminars
0119,Judy,,Brown,3,,Executive Committee,"1990-1993, 1999-2004 Executive Committee"
0120,Judy,,Brown,4,,Pioneer,1992 Pioneer
0121,Maxine,D.,Brown,1,,Award,1998 Outstanding Service Award
0122,Maxine,D.,Brown,2,,Conference Committee,1992 Conference Chair
0123,Maxine,D.,Brown,2,,Conference Committee,1977 Local Arrangements Co-Chair
0124,Maxine,D.,Brown,2,,Conference Committee,1979 Exhibits Chair
0125,Maxine,D.,Brown,2,,Conference Committee,1984 Electronic Theater Co-Chair
0126,Maxine,D.,Brown,2,,Conference Committee,1994 E-Tech Co-Chair (VROOM)
0127,Maxine,D.,Brown,3,,Executive Committee,1981-1986 Executive Committee
0128,Maxine,D.,Brown,4,,Pioneer,1974 Pioneer
0129,Jonah,,Brucker-Cohen,2,,Conference Committee,2016 Art Gallery Chair
0130,Erik,,Brunvand,2,,Conference Committee,2023 Conference Chair
0131,Erik,,Brunvand,2,,Conference Committee,2017-2018 Education Liaison
0132,Erik,,Brunvand,2,,Conference Committee,2020 Labs Co-Chair
0133,Erik,,Brunvand,5,,SIGGRAPH Committee,Education Committee
0134,Don,,Brutzman,2,,Conference Committee,2001 SIGGRAPH Online
0135,Alex,,Bryant,2,,Conference Committee,2000 Student Volunteers Chair
0136,Juan,,Buhler,2,,Conference Committee,2005 Posters Chair
0137,Juan,,Buhler,2,,Conference Committee,2005 Sketches & Apps Chair
0138,Juan,,Buhler,2,,Conference Committee,2015 Dailies Chair
0139,Andres,,Burbano,2,https://history.siggraph.org/person/amit-zoran-2/,Conference Committee,2024 Conference Chair
0140,Andres,,Burbano,2,https://history.siggraph.org/person/amit-zoran-2/,Conference Committee,2018 Art Gallery Chair
0141,Andres,,Burbano,2,https://history.siggraph.org/person/amit-zoran-2/,Conference Committee,2020 Art Papers Chair
0142,Andres,,Burbano,2,https://history.siggraph.org/person/amit-zoran-2/,Conference Committee,2021 Restrospective Chair
0143,Brent,,Burley,1,,Award,2021 Practitioner Award
0144,Carter,,Burwell,4,,Pioneer,1976 Pioneer
0145,Chrissy,,Cain,2,,Conference Committee,2019 Studio Chair
0146,Mark,,Callow,4,,Pioneer,1982 Pioneer
0147,Marie-Paule,,Cani,1,,Award,2019 SIGGRAPH Academy
0148,Marie-Paule,,Cani,2,,Conference Committee,2017 Technical Papers Chair
0149,Marie-Paule,,Cani,3,,Executive Committee,2008-2009 EC Director
0150,Monica,,Cappiello,2,,Conference Committee,2020 VR Theater Director
0151,Monica,,Cappiello,2,,Conference Committee,2021-2022 Education Liaison
0152,Carlos,,Cardenas,2,,Conference Committee,"2008, 2019 GraphicsNet Chair"
0153,Ingrid,,Carlbom,2,,Conference Committee,1980-1981 Courses Chair
0154,Ingrid,,Carlbom,3,,Executive Committee,1982-1985 Executive Committee
0155,Ingrid,,Carlbom,4,,Pioneer,1980 Pioneer
0156,Loren,C.,Carpenter,1,,Award,1985 Computer Graphics Achievement Award
0157,Loren,C.,Carpenter,1,,Award,2018 SIGGRAPH Academy
0158,Loren,C.,Carpenter,2,,Conference Committee,1980 A/V Chair
0159,Loren,C.,Carpenter,4,,Pioneer,1985 Pioneer
0160,Colleen,M.,Case,2,,Conference Committee,2001 Education Program Chair
0161,Colleen,M.,Case,3,,Executive Committee,2003-2005 Executive Committee Member
0162,Ed,,Catmull,1,,Award,1993 Steven Anson Coons Award
0163,Ed,,Catmull,2,,Conference Committee,1992 Technical Papers Chair
0164,Ed,,Catmull,4,,Pioneer,1992 Pioneer
0165,Alan,,Chalmers,3,https://history.siggraph.org/person/alan-chalmers/,Executive Committee,1999-2001 Executive Committee
0166,Alain,,Chesnais,1,,Award,2016 Outstanding Service Award
0167,Alain,,Chesnais,2,,Conference Committee,"1997, 2001 International Resources"
0168,Alain,,Chesnais,3,https://history.siggraph.org/person/alain-chesnais/,Executive Committee,"1995-1998, 2001-2006, 2008-2010, 2015-2016 Executive Committee"
0169,Alain,,Chesnais,4,,Pioneer,1985 Pioneer
0170,Alain,,Chesnais,5,,SIGGRAPH Committee,2015-2018 CARES
0171,Alain,,Chesnais,5,,SIGGRAPH Committee,"2020-2023 Diversity, Equity and Inclusion"
0172,Alain,,Chesnais,5,,SIGGRAPH Committee,Nominations
0173,Alain,,Chesnais,5,,SIGGRAPH Committee,1993-1997 Local Groups Steering Committee
0174,Alain,,Chesnais,6,,Chapters,2020-2023 Toronto Chapter
0175,Alain,,Chesnais,6,,Chapters,1991-1998 Paris Chapter
0176,AJ,,Christensen,2,https://history.siggraph.org/person/aj-christensen/,Conference Committee,2019 Posters Chair
0177,AJ,,Christensen,5,,SIGGRAPH Committee,2009-2023 Chapters Committee
0178,AJ,,Christensen,5,,SIGGRAPH Committee,2015-2018 Nominations Committee
0179,AJ,,Christensen,6,,Chapters,2005-2009 University of Illinois Student Chapter
0180,AJ,,Christensen,6,,Chapters,2014 London Chapter
0181,James,H.,Clark,1,,Award,1984 Computer Graphics Achievement Award
0182,James,H.,Clark,4,,Pioneer,1984 Pioneer
0183,Harold,,Cohen,1,,Award,2014 Distinguished Artist Award
0184,Michael,F.,Cohen,1,,Award,1998 Computer Graphics Achievement Award
0185,Michael,F.,Cohen,1,,Award,2019 Steven Anson Coons Award
0186,Michael,F.,Cohen,1,,Award,2018 SIGGRAPH Academy
0187,Michael,F.,Cohen,2,,Conference Committee,1998 Technical Papers Chair
0188,Michael,F.,Cohen,4,,Pioneer,1998 Pioneer
0189,Daniel,,Cohen-Or,1,,Award,2018 Computer Graphics Achievement Award
0190,Dan,,Collins,2,,Conference Committee,2002 Studio Chair
0191,Joan,,Collins,2,,Conference Committee,1987 Film & Video Show
0192,Joan,,Collins,2,,Conference Committee,1989 A/V Chair
0193,Joan,,Collins,2,,Conference Committee,1995 Electronic Theater Co-Director
0194,Joan,,Collins,4,,Pioneer,1980 Pioneer
0195,Joan,,Collins,5,,SIGGRAPH Committee,History Committee
0196,Joan,,Collins,6,,Chapters,1981 LA Chapter
0197,Jon,,Cone,2,,Conference Committee,2001 Studio Chair
0198,Liliana,,Conlisk-Gallegos,5,,SIGGRAPH Committee,2021-2023 Digital Arts Committee
0199,Coco,,Conn,2,,Conference Committee,1992-1993 SIGKids Chair
0200,Coco,,Conn,2,,Conference Committee,1995 E-Tech Chair
0201,Coco,,Conn,4,,Pioneer,1992 Pioneer
0202,Rob,L.,Cook,1,,Award,1987 Computer Graphics Achievement Award
0203,Rob,L.,Cook,1,,Award,2009 Steven Anson Coons Award
0204,Rob,L.,Cook,1,,Award,2018 SIGGRAPH Academy
0205,Rob,L.,Cook,2,,Conference Committee,1995 Papers Chair
0206,Rob,L.,Cook,3,,Executive Committee,"2004-2006, 2009, 2011 Executive Committee"
0207,Rob,L.,Cook,4,,Pioneer,1987 Pioneer
0208,Donna,J.,Cox,1,,Award,2019 Distinguished Artist Award
0209,Donna,J.,Cox,1,,Award,2019 SIGGRAPH Academy
0210,Donna,J.,Cox,2,,Conference Committee,1993 Panels Chair
0211,Donna,J.,Cox,2,,Conference Committee,2005 E-Tech Chair
0212,Donna,J.,Cox,3,,Executive Committee,1988-1991 Executive Committee
0213,Donna,J.,Cox,4,,Pioneer,1993 Pioneer
0214,Tom,,Craven,2,,Conference Committee,2006 E-Tech Chair
0215,Carolina,,Cruz-Neira,2,,Conference Committee,1996 International Liaisons Chair
0216,Carolina,,Cruz-Neira,4,,Pioneer,1995 Pioneer
0217,Chuck,,Csuri,1,,Award,2011 Distinguished Artist Award
0218,Chuck,,Csuri,1,,Award,2018 SIGGRAPH Academy
0219,Chuck,,Csuri,2,,Conference Committee,1980 CAF / Electronic Theater Chair
0220,Chuck,,Csuri,4,,Pioneer,1980
0221,Steve,,Cunningham,1,,Award,2004 Outstanding Service Award
0222,Steve,,Cunningham,3,,Executive Committee,1995-2001 Executive Committee
0223,Steve,,Cunningham,4,,Pioneer,1976 Pioneer
0224,Steve,,Cunningham,5,,SIGGRAPH Committee,1983 Education Committee
0225,Joe,,Cychosz,2,,Conference Committee,"2002, 2005, 2023 GraphicsNet Chair"
0226,Jenny,,Dana,2,,Conference Committee,"2014, 2016, 2018 General Submissions Committee"
0227,Jenny,,Dana,4,,Pioneer,1985 Pioneer
0228,Jenny,,Dana,5,,SIGGRAPH Committee,2015-2023 Information Technology Committee
0229,Jenny,,Dana,5,,SIGGRAPH Committee,2022-2023 Nominations Committee
0230,Jenny,,Dana,5,,SIGGRAPH Committee,1997-2023 Chapters Steering Committee
0231,Jenny,,Dana,6,,Chapters,1989-1991 New York City Chapter
0232,Jenny,,Dana,6,,Chapters,1992-1994 Syracuse University Chapter
0233,Jenny,,Dana,6,,Chapters,1994-1999 Silicon Valley Chapter
0234,Juan,Miguel,de Joya,2,,Conference Committee,2014 Posters Chair
0235,Midori,Kitagawa,De Leon,2,,Conference Committee,1995 International Liaisons
0236,Paul,E.,Debevec,1,,Award,2001 Significant New Researcher Award
0237,Paul,E.,Debevec,2,,Conference Committee,2007 Computer Animation Festival
0238,Paul,E.,Debevec,3,,Executive Committee,2009-2014 Executive Committee
0239,Paul,E.,Debevec,4,,Pioneer,1988 Pioneer
0240,Tom,A.,DeFanti,1,,Award,2000 Outstanding Service Award
0241,Tom,A.,DeFanti,2,,Conference Committee,1979 Conference Chair
0242,Tom,A.,DeFanti,2,,Conference Committee,"1975-1979, 1981 Computer Animation Festival"
0243,Tom,A.,DeFanti,2,,Conference Committee,1982 A/V Chair
0244,Tom,A.,DeFanti,2,,Conference Committee,1994 E-Tech Chair
0245,Tom,A.,DeFanti,3,,Executive Committee,1978-1984 Executive Committee
0246,Tom,A.,DeFanti,4,,Pioneer,1974 Pioneer
0247,Laurent,,Delayen,2,,Conference Committee,2019 Games Co-Chair
0248,Rob,,DeMillo,4,,Pioneer,1978 Pioneer
0249,Tony,,DeRose,1,,Award,1999 Computer Graphics Achievement Award
0250,Tony,,DeRose,1,,Award,2018 SIGGRAPH Academy
0251,Tony,,DeRose,2,,Conference Committee,2010 Technical Papers Chair
0252,Mathieu,,Desbrun,1,,Award,2003 Significant New Researcher Award
0253,Mathieu,,Desbrun,1,,Award,2021 SIGGRAPH Academy
0254,Mathieu,,Desbrun,2,,Conference Committee,2018 Technical Papers Chair
0255,Stephane,,Deverly,4,,Pioneer,1992 Pioneer
0256,Paul,,Dietz,2,,Conference Committee,2021 E-Tech Chair
0257,Michael,,Doyle,4,,Pioneer,1984 Pioneer
0258,Hank,,Driskill,2,,Conference Committee,1996 Student Volunteers Chair
0259,Andrew,,Duchowski,2,https://history.siggraph.org/person/amit-zoran-2/,Conference Committee,2019-2020 Education Chair
0260,Dena,,Eber,2,,Conference Committee,2001 Art Gallery Chair
0261,Dena,,Eber,1,,Pioneer,1997 Pioneer
0262,David,S.,Ebert,2,,Conference Committee,1997 Sketches & Apps Chair
0263,David,S.,Ebert,3,,Executive Committee,2000 EC Director
0264,David,S.,Ebert,4,,Pioneer,1997 Pioneer
0265,Ernest,,Edmonds,1,,Award,2017 Distinguished Artist Award
0266,Ernest,,Edmonds,1,,Award,2018 SIGGRAPH Academy
0267,Ernest,,Edmonds,4,,Pioneer,1968 Pioneer
0268,Mark,,Elendt,2,,Conference Committee,2010 Unified Jury Chair
0269,Mark,,Elendt,2,,Conference Committee,2011 General Submissions Chair
0270,Mark,,Elendt,2,,Conference Committee,2013-2014 Dailies Chair
0271,Mark,,Elendt,2,,Conference Committee,2017 Courses Chair
0272,Mark,,Elendt,2,,Conference Committee,2018-2019 Birds of a Feather Chair
0273,Mark,,Elendt,2,,Conference Committee,2021 Electronic Theater Director
0274,Mark,,Elendt,4,,Pioneer,1983 Pioneer
0275,Mark,,Elendt,5,,SIGGRAPH Committee,2017-2019 Nominations Committee
0276,Mark,,Elendt,5,,SIGGRAPH Committee,2021-2023 Practitioner Award Committee
0277,Heather,,Elliott-Famularo,2,,Conference Committee,2004 E-Tech Chair
0278,Bob,A.,Ellis,2,,Conference Committee,1980 Conference Chair
0279,Bob,A.,Ellis,3,,Executive Committee,1978-1983 Executive Committee
0280,Bob,A.,Ellis,3,,Executive Committee,1984-1986 CAG Chair
0281,Bob,A.,Ellis,4,,Pioneer,1974 Pioneer
0282,Nick,,England,3,,Executive Committee,1999 EC Director
0283,Nick,,England,4,,Pioneer,Pioneer
0284,Eveline,,Falcão,2,,Conference Committee,2022-2023 Creative Development Director
0285,Steven,K.,Feiner,2,,Conference Committee,"1995-1998, 2002-2003, 2008-2009 Papers Committee"
0286,Steven,K.,Feiner,4,,Pioneer,1977 Pioneer
0287,Adam,,Finkelstein,2,https://history.siggraph.org/person/adam-finkelstein/,Conference Committee,2007 Posters Chair
0288,Adam,,Finkelstein,2,https://history.siggraph.org/person/adam-finkelstein/,Conference Committee,2007 Sketches & Apps Chair
0289,Adam,,Finkelstein,2,https://history.siggraph.org/person/adam-finkelstein/,Conference Committee,2014 Technical Papers Chair
0290,Adam,,Finkelstein,3,https://history.siggraph.org/person/adam-finkelstein/,Executive Committee,2019-2020 Executive Committee
0291,John,,Finnegan,2,,Conference Committee,2006 Conference Chair
0292,John,,Finnegan,2,,Conference Committee,2003 Education Program Chair
0293,Eugene,,Fiume,1,,Award,2020 SIGGRAPH Academy
0294,Eugene,,Fiume,2,,Conference Committee,2001 Papers Chairs
0295,Tereza,,Flaxman,2,,Conference Committee,2010 FJORG! Chair
0296,Tereza,,Flaxman,5,,SIGGRAPH Committee,Education
0297,Tereza,,Flaxman,6,,Chapters,San Francisco Chapter
0298,Monika,,Fleischmann,1,,Award,2018 Distinguished Artist Award
0299,Monika,,Fleischmann,1,,Award,2018 SIGGRAPH Academy
0300,Jim,,Foley,1,,Award,1997 Steven Anson Coons Award
0301,Jim,,Foley,1,,Award,2018 SIGGRAPH Academy
0302,Jim,,Foley,2,,Conference Committee,1974 Technical Papers Chair
0303,Jim,,Foley,3,,Executive Committee,"1974, 2008-2010 Executive Committee"
0304,Jim,,Foley,4,,Pioneer,1967 Pioneer
0305,Angus,,Forbes,2,https://history.siggraph.org/person/angus-graeme-forbes/,Conference Committee,2018 Art Papers Chair
0306,Angus,,Forbes,2,https://history.siggraph.org/person/angus-graeme-forbes/,Conference Committee,2021 Art Gallery Chair
0307,Frank,,Foster,2,,Conference Committee,1987 CAF / Electronic Theater Chair
0308,Frank,,Foster,2,,Conference Committee,1995 CAF / Electronic Theater Chair
0309,Frank,,Foster,4,,Pioneer,1987 Pioneer
0310,Thierry,,Frey,1,,Award,2020 Outstanding Service Award
0311,Thierry,,Frey,2,,Conference Committee,2002 International Liaison
0312,Thierry,,Frey,2,,Conference Committee,2014 E-Tech Chair
0313,Thierry,,Frey,3,,Executive Committee,"2001-2003, 2006-2007, 2011 Executive Committee"
0314,Henry,,Fuchs,1,,Award,1992 Computer Graphics Achievement Award
0315,Henry,,Fuchs,1,,Award,2015 Steven Anson Coons Award
0316,Henry,,Fuchs,1,,Award,2018 SIGGRAPH Academy
0317,Henry,,Fuchs,2,,Conference Committee,1981 Technical Papers Chair
0318,Henry,,Fuchs,4,,Pioneer,1981 Pioneer
0319,Tom,A.,Funkhouser,1,,Award,2014 Computer Graphics Achievement Award
0320,Tom,A.,Funkhouser,1,,Award,2018 SIGGRAPH Academy
0321,Thomas,,Gambill,4,,Pioneer,1989 Pioneer
0322,Eduardo,Sumoes Lopes,Gastal,1,,Award,2016 Outstanding Doctoral Dissertation Award
0323,Joe,,Geigel,4,,Pioneer,1990 Pioneer
0324,Joe,,Geigel,6,,Chapters,2009-2018 Rochester Professional Chapter
0325,Darcy,,Gerbarg,2,,Conference Committee,1981 Art Gallery Chair
0326,Darcy,,Gerbarg,4,,Pioneer,1981 Pioneer
0327,Kearwood,John,Gilbert,4,,Pioneer,1996 Pioneer
0328,Copper ,,Giloth,1,,Award,2000 Outstanding Service Award
0329,Copper ,,Giloth,2,,Conference Committee,1982-1983 Art Gallery Chair
0330,Copper ,,Giloth,4,,Pioneer,1978 Pioneer
0331,Copper ,,Giloth,5,,SIGGRAPH Committee,2009-2016 Digital Arts Committee
0332,Copper ,,Giloth,5,,SIGGRAPH Committee,1992 Special Projects Director
0333,Andrew,,Glassner,2,https://history.siggraph.org/person/amit-zoran-2/,Conference Committee,1994 Technical Papers Chair
0334,Andrew,,Glassner,2,https://history.siggraph.org/person/amit-zoran-2/,Conference Committee,1994 Sketches & Apps Chair
0335,Andrew,,Glassner,2,https://history.siggraph.org/person/amit-zoran-2/,Conference Committee,2009 Conference Committee Director-at-Large
0336,Mashhuda,,Glencross,2,,Conference Committee,2014 Courses Chair
0337,Mashhuda,,Glencross,2,,Conference Committee,2016-2017 General Submissions Chair
0338,Mashhuda,,Glencross,2,,Conference Committee,2023 E-Tech Chair
0339,Mashhuda,,Glencross,3,,Executive Committee,2018-2020 Executive Committee
0340,Glenn,,Goldman,2,,Conference Committee,2013 Education Director
0341,Glenn,,Goldman,2,,Conference Committee,2015 Courses Chair
0342,Glenn,,Goldman,4,,Pioneer,1984 Pioneer
0343,Glenn,,Goldman,5,,SIGGRAPH Committee,2018-2023 Distinguished Educators Award Committee
0344,Glenn,,Goldman,5,,SIGGRAPH Committee,"2006-2007, 2010-2023 Education Committee"
0345,Sue,,Gollifer,2,,Conference Committee,2004 Art Gallery Chair
0346,Sue,,Gollifer,4,,Pioneer,1993 Pioneer
0347,Sue,,Gollifer,5,,SIGGRAPH Committee,2020-2023 External Relations Committee
0348,Sue,,Gollifer,5,,SIGGRAPH Committee,2004-2023 Digital Arts Committee
0349,Sue,,Gollifer,5,,SIGGRAPH Committee,Art Advisory Group Award Committee
0350,Julian,E.,Gomez,2,,Conference Committee,1981 Frame Buffer Show Administrator
0351,Julian,E.,Gomez,4,,Pioneer,1976 Pioneer
0352,Julian,E.,Gomez,5,,SIGGRAPH Committee,2020-2023 History Committee
0353,Julian,E.,Gomez,6,,Chapters,"1988-1990, 1993-1996 San Francisco Bay Area Chapter"
0354,Carlos,,Gonzalez-Ochoa,2,,Conference Committee,2020-2021 Games Chair
0355,Steven,J.,Gortler,1,,Award,2002 Significant New Researcher Award
0356,Uttam,,Grandhi,4,,Pioneer,1996 Pioneer
0357,Don,,Greenberg,1,,Award,1987 Steven Anson Coons Award
0358,Don,,Greenberg,1,,Award,2018 SIGGRAPH Academy
0359,Don,,Greenberg,1,,Award,2020 Distinguished Educator Award
0360,Don,,Greenberg,2,,Conference Committee,1981 Panels Chair
0361,Don,,Greenberg,4,,Pioneer,1981 Pioneer
0362,Cindy,,Grimm,3,,Executive Committee,2010 Director of Research
0363,Diane,,Gromala,2,,Conference Committee,2000 Art Gallery Chair
0364,Markus,,Gross,1,,Award,2021 Steven Anson Coons Award
0365,Joshua,,Grow,2,,Conference Committee,2008 Student Mentoring Chair (XSV)
0366,Joshua,,Grow,2,,Conference Committee,2003 Student Volunteers Chair
0367,Joshua,,Grow,2,,Conference Committee,2011-2012 Computer Animation Festival Director
0368,Joshua,,Grow,2,,Conference Committee,2018-2019 Attendee Experience Chair
0369,Fahad,,Haddad,2,,Conference Committee,2018 Posters Coordinator
0370,Eric,,Haines,4,,Pioneer,1983 Pioneer
0371,Mk,,Haley,2,,Conference Committee,2013 Conference Chair
0372,Mk,,Haley,2,,Conference Committee,1997 Student Volunteers Chair
0373,Mk,,Haley,2,,Conference Committee,2007 Pathfinders
0374,Mk,,Haley,2,,Conference Committee,2008-2009 Conference Director of Encounters
0375,Mk,,Haley,2,,Conference Committee,2019-2020 Frontiers Talks Chair
0376,Mk,,Haley,2,,Conference Committee,2022 E-Tech Chair
0377,Mk,,Haley,3,,Executive Committee,2004-2006 Executive Committee
0378,Mk,,Haley,4,,Pioneer,1997 Pioneer
0379,Yoon,Chung,Han,2,,Conference Committee,2023 Art Gallery Chair
0380,Pat,,Hanrahan,1,,Award,2018 SIGGRAPH Academy
0381,Pat,,Hanrahan,4,,Pioneer,Pioneer
0382,Mike,,Hardison,2,,Conference Committee,2015 Games Chair
0383,Lou,,Harrison,2,,Conference Committee,2001 Courses Chair
0384,Lou,,Harrison,2,,Conference Committee,2003 Panels Chair
0385,Lou,,Harrison,2,,Conference Committee,2006 Pathfinders
0386,Lou,,Harrison,2,,Conference Committee,2003 Academic Exhibits Chair
0387,Lou,,Harrison,4,,Pioneer,1987 Pioneer
0388,Lou,,Harrison,5,,SIGGRAPH Committee,1999-2002 Courses Committee
0389,Lou,,Harrison,5,,SIGGRAPH Committee,2007-2014 Student Services Committee
0390,John,C.,Hart,3,,Executive Committee,1994-1998 Executive Committee
0391,John,C.,Hart,4,,Pioneer,Pioneer
0392,Jean-Pierre,,Hébert,1,,Award,2012 Distinguished Artist Award
0393,Jean-Pierre,,Hébert,1,,Award,2018 SIGGRAPH Academy
0394,Barb,,Helfer,1,,Award,2022 Outstanding Service Award
0395,Barb,,Helfer,3,,Executive Committee,2002-2004 Executive Committee Member
0396,Jim,,Helman,4,,Pioneer,1986 Pioneer
0397,Nicolas,,Henchoz,2,,Conference Committee,2023 Art Papers Chair
0398,Paul,Richard,Hertz,4,,Pioneer,1983 Pioneer
0399,Bertram,,Herzog,1,,Award,2002 Outstanding Service Award
0400,Bertram,,Herzog,2,,Conference Committee,1985 Panels Chair
0401,Bertram,,Herzog,4,,Pioneer,1985 Pioneer
0402,Edward,,Hill,4,,Pioneer,1984 Pioneer
0403,Stephen,,Hill,1,,Award,2019 Practitioner Award
0404,Jimmie,,Hilllin Jr.,2,,Conference Committee,2009 Director of Production Communities
0405,Jimmie,,Hilllin Jr.,4,,Pioneer,1984 Pioneer
0406,Jessica,K.,Hodgins,1,,Award,2010 Computer Graphics Achievement Award
0407,Jessica,K.,Hodgins,1,,Award,2017 Steven Anson Coons Award
0408,Jessica,K.,Hodgins,1,,Award,2018 SIGGRAPH Academy
0409,Jessica,K.,Hodgins,2,,Conference Committee,2003 Papers Chairs
0410,Jessica,K.,Hodgins,2,,Conference Committee,2007 Panels Chairs
0411,Jessica,K.,Hodgins,2,,Conference Committee,2007 Special Sessions Chair
0412,Jessica,K.,Hodgins,3,,Executive Committee,2012-2020 EC Director
0413,Jessica,K.,Hodgins,4,,Pioneer,1989 Pioneer
0414,Christine,,Holmes,2,,Conference Committee,2015 Student Volunteers Chair
0415,Christine,,Holmes,2,,Conference Committee,2018-2019 Experience Hall Manager
0416,Christine,,Holmes,2,,Conference Committee,2023 Production Sessions Chair
0417,Hugues,,Hoppe,1,,Award,2004 Computer Graphics Achievement Award
0418,Hugues,,Hoppe,1,,Award,2018 SIGGRAPH Academy
0419,Hugues,,Hoppe,2,,Conference Committee,2011 Technical Papers Chair
0420,Leo,,Hourvitz,2,,Conference Committee,1995 Panels Chair
0421,Leo,,Hourvitz,3,,Executive Committee,1999-2001 Executive Committee
0422,Leo,,Hourvitz,4,,Pioneer,1995 Pioneer
0423,Emily,,Hsu,2,,Conference Committee,2017-2018 Production Sessions Chair
0424,Emily,,Hsu,2,,Conference Committee,2019 Computer Animation Festival Director
0425,Takeo,,Igarashi,1,,Award,2006 Significant New Researcher Award
0426,Masa,,Inakage,3,,Executive Committee,"2002-2005, 2012-2014, 2021-2022 Executive Committee"
0427,Masahiko,,Inami,2,,Conference Committee,2016 E-Tech Chair
0428,Gary,,Jackemuk,2,,Conference Committee,1994 Student Volunteers Chair
0429,Norman,,Jaffe,4,,Pioneer,1971 Pioneer
0430,Eakta,,Jain,3,,Executive Committee,2022 Executive Committee Member
0431,Doug,L.,James,1,,Award,2021 Computer Graphics Achievement Award
0432,Doug,L.,James,2,,Conference Committee,2015 Technical Papers Chair
0433,Jason,,Jerald,2,,Conference Committee,2009 Student Mentoring (XSV) Chair
0434,Jason,,Jerald,2,,Conference Committee,2009-2010 Student Volunteers Chair
0435,Pol,,Jeremias-Vila,1,,Award,2022 Practitioner Award
0436,Pol,,Jeremias-Vila,2,,Conference Committee,2021 Conference Chair
0437,Pol,,Jeremias-Vila,2,,Conference Committee,2016 Real-Time Live! Chair
0438,Pol,,Jeremias-Vila,2,,Conference Committee,2017 Computer Animation Festival Director
0439,Pol,,Jeremias-Vila,2,,Conference Committee,2018 Virtual & Mixed Reality Chair
0440,Yibing,,Jiang,2,,Conference Committee,2022 Real-Time Live! Chair
0441,William,,Joel,4,,Pioneer,1983 Pioneer
0442,William,,Joel,5,,SIGGRAPH Committee,1987-2023 Education Committee
0443,Joaquim,,Jorge,4,,Pioneer,1988 Pioneer
0444,Joaquim,,Jorge,5,,SIGGRAPH Committee,2002-2011 Education Committee
0445,Joaquim,,Jorge,5,,SIGGRAPH Committee,2011-2020 Specialized Conferences Committee
0446,Joaquim,,Jorge,5,,SIGGRAPH Committee,2002-2004 International Resources Committee
0447,Joaquim,,Jorge,5,,SIGGRAPH Committee,2022-2023 External Relations Committee
0448,Jeff,,Jortner,2,,Conference Committee,1996 Networking/Teleconferencing Chair
0449,Jeff,,Jortner,2,,Conference Committee,1999 Panels Chairs
0450,Jeff,,Jortner,3,,Executive Committee,"1993-1994, 2006-2016 Executive Committee"
0451,Jeff,,Jortner,4,,Pioneer,1981 Pioneer
0452,Jeff,,Jortner,5,,SIGGRAPH Committee,2002-2005 Information Director
0453,Jeff,,Jortner,6,,Chapters,"1991-1996 Treasurer, Rio Grande Chapter"
0454,Nick,,Jushchyshyn,2,,Conference Committee,2023 Education Chair
0455,Jim,,Kajiya,1,,Award,1991 Computer Graphics Achievement Award
0456,Jim,,Kajiya,1,,Award,2011 Steven Anson Coons Award
0457,Jim,,Kajiya,4,,Pioneer,1991 Pioneer
0458,Craig,,Kaplan,2,,Conference Committee,2018 Courses Chair
0459,Alyce,,Kaprow,2,https://history.siggraph.org/person/alyce-kaprow/,Conference Committee,1990 Panels Chair
0460,Alyce,,Kaprow,2,,Conference Committee,1993 Art Gallery Chair
0461,Alyce,,Kaprow,3,,Executive Committee,1991-1995
0462,Dave,,Kasik,1,,Award,2012 Outstanding Service Award
0463,Dave,,Kasik,2,,Conference Committee,"1980, 1994 Exhibits Chair"
0464,Dave,,Kasik,4,,Pioneer,1974 Pioneer
0465,Dave,,Kasik,5,,SIGGRAPH Committee,History Committee
0466,Mona,,Kasra,2,,Conference Committee,2016 Conference Chair
0467,Mona,,Kasra,2,,Conference Committee,2011 Art Gallery Chair
0468,Mona,,Kasra,3,,Executive Committee,2019-2023 Executive Committee
0469,Michael,,Kass,1,,Award,2009 Computer Graphics Achievement Award
0470,Yoichiro,,Kawaguchi,1,,Award,2010 Distinguished Artist Award
0471,Yoichiro,,Kawaguchi,1,,Award,2018 SIGGRAPH Academy
0472,Yoichiro,,Kawaguchi,4,,Pioneer,1975 Pioneer
0473,Isaac,Victor,Kerlow,2,,Conference Committee,1991 Art Gallery Chair
0474,Isaac,Victor,Kerlow,2,,Conference Committee,1995 E-Tech Chair
0475,Isaac,Victor,Kerlow,2,,Conference Committee,2010 Computer Animation Festival Director
0476,Isaac,Victor,Kerlow,2,,Conference Committee,1991 Art and Design Show Chair
0477,Isaac,Victor,Kerlow,4,,Pioneer,1979 Pioneer
0478,Lawrence,,Kevin,4,,Pioneer,1989 Pioneer
0479,Lawrence,,Kevin,6,,Chapters,1996 Silicon Valley Chapter
0480,Jim,,Kilmer,2,,Conference Committee,2003 Student Volunteers Chair
0481,Jim,,Kilmer,2,,Conference Committee,2019 Pathfinders Coordinator
0482,Jim,,Kilmer,3,,Executive Committee,2006-2008 Executive Committee
0483,June,,Kim,2,,Conference Committee,2019-2022 International Resources Chair
0484,David,,Kirk,1,,Award,2002 Computer Graphics Achievement Award
0485,Johannes,,Kopf,1,,Award,2015 Significant New Researcher Award
0486,Henry,,LaBounta,4,,Pioneer,1984 Pioneer
0487,Jeff,,Lait,4,,Pioneer,1999 Pioneer
0488,Rick,,Land,4,,Pioneer,1967 Pioneer
0489,Scott,,Lang,1,,Award,2014 Outstanding Service Award
0490,Scott,,Lang,2,,Conference Committee,2004 International Liaison
0491,Scott,,Lang,2,,Conference Committee,2004 Pathfinders
0492,Scott,,Lang,2,,Conference Committee,2006 Community Outreach Chair
0493,Scott,,Lang,2,,Conference Committee,
0494,Scott,,Lang,3,,Executive Committee,"1995-1999, 2007-2009 Executive Committee"
0495,Scott,,Lang,4,,Pioneer,1995 Pioneer
0496,Dave,,Lankford,4,,Pioneer,1987 Pioneer
0497,Ed,,Lantz,2,,Conference Committee,2015 VR Village Co-Chair
0498,Linda,,Lauro-Lazin,2,,Conference Committee,2005 Art Gallery Chair
0499,Joe,,LaViola,4,,Pioneer,1997 Pioneer
0500,Brad,,Lawrence,2,,Conference Committee,2001 SIGGRAPH TV Chair
0501,Brad,,Lawrence,3,,Executive Committee,2018-2023 Executive Committee
0502,Brad,,Lawrence,4,,Pioneer,Pioneer
0503,Jason,,Lawrence,2,,Conference Committee,"2008, 2009, 2011 Technical Papers Committee"
0504,Jason,,Lawrence,4,,Pioneer,2001 Pioneer
0505,Liz,,Lee,4,,Pioneer,1986 Pioneer
0506,Lynn,Hershman,Leeson,1, ,Award,2009 Distinguished Artist Award
0507,Lynn,Hershman,Leeson,1, ,Award,2018 SIGGRAPH Academy
0508,Lynn,Hershman,Leeson,4,,Pioneer,1978 Pioneer
0509,Steve,R.,Levine,2,,Conference Committee,1977 Conference Chair
0510,Steve,R.,Levine,2,,Conference Committee,1979 Exhibits Chair
0511,Steve,R.,Levine,3,,Executive Committee,"1976-1978, 1980-1983 Executive Committee"
0512,Steve,R.,Levine,4,,Pioneer,1977 Pioneer
0513,Minchen,,Li ,1,,Award,2021 Outstanding Doctoral Dissertation Award
0514,Patrick,,Lichty,4,,Pioneer,1997 Pioneer
0515,Gregory,,Liegey,4,,Pioneer,1992 Pioneer
0516,Ana,Cecilia Balliache,Liendo,2,https://history.siggraph.org/person/amit-zoran-2/,Conference Committee,2020 Posters Chair
0517,Tom,,Linehan,2,,Conference Committee,1990 Art Gallery Chair
0518,Tom,,Linehan,4,,Pioneer,1990 Pioneer
0519,Ben,,Lok,2,,Conference Committee,2022 Retrospective Chair
0520,Meaghan,,Long,2,,Conference Committee,2023 Student Volunteer Chair
0521,Tony,,Longson,2,,Conference Committee,2004 Educations Program Chair
0522,Forrest,,Lucas,2,,Conference Committee,2020 SIGGRAPH Labs Co-Chair
0523,Carl,,Machover,2,,Conference Committee,1982 Panels Chair
0524,Carl,,Machover,4,,Pioneer,1982 Pioneer
0525,Dinesh,,Manocha,1,,Award,2019 SIGGRAPH Academy
0526,Dinesh,,Manocha,3,,Executive Committee,2011-2013 Executive Committee Member
0527,Joe,,Marks,2,,Conference Committee,2007 Conference Chair
0528,Joe,,Marks,2,,Conference Committee,2004 Papers Chair
0529,Joe,,Marks,2,,Conference Committee,2008 E-Tech Chair
0530,Joe,,Marks,3,,Executive Committee,2010-2012 CAG Chair
0531,Steve,,Marschner,1,,Award,2015 Computer Graphics Achievement Award
0532,Steve,,Marschner,1,,Award,2018 SIGGRAPH Academy
0533,Jacquelyn,,Martino,2,,Conference Committee,2006 Student Mentoring Chairs (XSV)
0534,Terrence,,Masson,2,,Conference Committee,2010 Conference Chair
0535,Terrence,,Masson,2,,Conference Committee,2006 Computer Animation Festival
0536,Terrence,,Masson,4,,Pioneer,Pioneer
0537,Terrence,,Masson,5,,SIGGRAPH Committee,History Committee
0538,Nelson,,Max,1,,Award,2007 Steven Anson Coons Award
0539,Nelson,,Max,1,,Award,2018 SIGGRAPH Academy
0540,Nelson,,Max,4,,Pioneer,1969 Pioneer
0541,Fran,X,McAfee,3,,Executive Committee,2004-2006 Executive Committee
0542,John,,McIntosh,2,,Conference Committee,2002 CAF / Electronic Theater Chair
0543,Ann,,McNamara,2,https://history.siggraph.org/person/angus-graeme-forbes/,Conference Committee,2011-2012 Courses Chair
0544,Ann,,McNamara,2,https://history.siggraph.org/person/angus-graeme-forbes/,Conference Committee,2014-2015 General Submissions Chair
0545,Kevin,,McNulty,4,,Pioneer,1997 Pioneer
0546,Kevin,,McNulty,5,,SIGGRAPH Committee,2012-2023 Education Committee
0547,Kevin,,McNulty,5,,SIGGRAPH Committee,2020-2023 Professional and Student Chapters Committee
0548,Kevin,,McNulty,6,,Chapters,"2007-2010 Faculty Advisor, University of Saint Francis Student Chapter"
0549,Kevin,,McNulty,6,,Chapters,"2012-2023 Faculty Advisor, Middle Tennessee State University Student Chapter"
0550,Jon,A.,Meads,2,,Conference Committee,1974 Program Chair
0551,Jon,A.,Meads,3,,Executive Committee,"1972, 1975 Executive Committee"
0552,Jon,A.,Meads,4,,Pioneer,1966 Pioneer
0553,Jon,A.,Meads,5,,SIGGRAPH Committee,1982-1985 Awards Committee Chair
0554,Bonnie,,Mitchell,2,,Conference Committee,2006 Art Gallery Chair
0555,Bonnie,,Mitchell,2,,Conference Committee,2023 History Chair
0556,Bonnie,,Mitchell,3,,Executive Committee,1994-1995 Executive Committee Member
0557,Bonnie,,Mitchell,4,,Pioneer,1984 Pioneer
0558,Bonnie,,Mitchell,5,,SIGGRAPH Committee,2013-2023 Digital Arts Community
0559,Bonnie,,Mitchell,6,,Chapters,2000-2021 BGSU Student Chapter
0560,Niloy,J.,Mitra,1,,Award,2013 Significant New Researcher Award
0561,Niloy,J.,Mitra,2,,Conference Committee,2022 Technical Papers Chair
0562,Anie,,Miles,5,,SIGGRAPH Committee,2018-2023 Education Committee
0563,Jamie,L.,Mohler,2,,Conference Committee,2002 Educations Program Chair
0564,Manfred,,Mohr,1,,Award,2013 Distinguished Artist Award
0565,Manfred,,Mohr,1,,Award,2018 SIGGRAPH Academy
0566,Vera,,Molnár,1,,Award,2022 Distinguished Artist Award
0567,Barbara,,Mones,1,,Award,2021 Distinguished Educator Award
0568,Barbara,,Mones,2,,Conference Committee,1997 Panels Chair
0569,Barbara,,Mones,3,,Executive Committee,2021-2022 Executive Committee
0570,Barbara,,Mones,4,,Pioneer,1983 Pioneer
0571,Barbara,,Mones,5,,SIGGRAPH Committee,1983-2023 Education Committee
0572,Barbara,,Mones,5,,SIGGRAPH Committee,2015-2019 Nominations Committee
0573,Barbara,,Mones,5,,SIGGRAPH Committee,2021-2023 Distinguished Educator Award Committee
0574,Dylan,,Moore,2,,Conference Committee,2013 E-Tech Chair
0575,Dylan,,Moore,2,,Conference Committee,2019 Adaptive Technology Co-Chair
0576,Jacki,,Morie,2,,Conference Committee,1994 E-Tech Chair
0577,Jacki,,Morie,3,,Executive Committee,"2002-2003, 2010-2015 Executive Committee"
0578,Jacki,,Morie,4,,Pioneer,1994 Pioneer
0579,Jacki,,Morie,5,,SIGGRAPH Committee,Digital Arts
0580,Deanna,,Morse,2,,Conference Committee,1994 Art Gallery Chair
0581,Deanna,,Morse,4,,Pioneer,1994 Pioneer
0582,Gianluca,,Mura,4,,Pioneer,1998 Pioneer
0583,MuuNuu,,Nandigjav,2,,Conference Committee,2022 Conference Chair
0584,MuuNuu,,Nandigjav,2,,Conference Committee,2017 Student Volunteers Chair
0585,MuuNuu,,Nandigjav,2,,Conference Committee,2018-2019 Creative Development Director
0586,MuuNuu,,Nandigjav,2,,Conference Committee,2020 Electronic Theater Director
0587,Derrick,,Nau,2,,Conference Committee,2015 Posters Coordinator
0588,Derrick,,Nau,2,,Conference Committee,2019-2020 Production Sessions Chair
0589,Adele,,Newton,2,https://history.siggraph.org/person/adele-newton/,Conference Committee,1988 Conference Chair
0590,Adele,,Newton,2,https://history.siggraph.org/person/adele-newton/,Conference Committee,1989 International Liaisons Chair
0591,Adele,,Newton,2,https://history.siggraph.org/person/adele-newton/,Conference Committee,"1998, 2000 Community Outreach Chair"
0592,Adele,,Newton,2,https://history.siggraph.org/person/adele-newton/,Conference Committee,1998 SIGKids Chair
0593,Adele,,Newton,2,https://history.siggraph.org/person/adele-newton/,Conference Committee,2019 Business Symposium Chair
0594,Adele,,Newton,3,https://history.siggraph.org/person/adele-newton/,Executive Committee,1991-1996 CAG Chair
0595,Adele,,Newton,4,,Pioneer,1988 Pioneer
0596,Adele,,Newton,5,,SIGGRAPH Committee,History Committee
0597,Mary,,Nichols,2,,Conference Committee,2000 Online Technologies / Publication and Graphic Design Chair
0598,Mary,,Nichols,2,,Conference Committee,2000 SIGGRAPH TV (STV) Chair
0599,Mary,,Nichols,2,,Conference Committee,"2003, 2005 Pathfinders"
0600,Lira,,Nikolovska,2,,Conference Committee,2008 Art Gallery Chair
0601,Lira,,Nikolovska,2,,Conference Committee,2010 Art Papers Chair
0602,James,F.,O'Brien,3,,Executive Committee,2010-2015 EC Director
0603,Ken,,O'Connell,2,,Conference Committee,1995 Art Gallery Chair
0604,Ken,,O'Connell,4,,Pioneer,1995 Pioneer
0605,Marc,,Olano,2,,Conference Committee,2020 Real-Time Live! Chair
0606,Scott,,Owen,1,,Award,2018 Outstanding Service Award
0607,Scott,,Owen,1,,Award,2023 Distinguished Educator Award
0608,Scott,,Owen,1,,Award,2023 SIGGRAPH Academy
0609,Scott,,Owen,2,,Conference Committee,1997 Conference Chair
0610,Scott,,Owen,2,,Conference Committee,"1995, 1998-1999 Fundamentals Seminars"
0611,Scott,,Owen,3,,Executive Committee,"1990, 1992-1995, 2005-2016 Executive Committee"
0612,Scott,,Owen,3,,Executive Committee,2000-2004 CAG Chair
0613,Scott,,Owen,4,,Pioneer,1968 Pioneer
0614,Scott,,Owen,5,,SIGGRAPH Committee,1989-1996 Education Committee
0615,Scott,,Owen,5,,SIGGRAPH Committee,2011-2023 Nominations Committee
0616,Scott,,Owen,5,,SIGGRAPH Committee,2011-2017 External Relations Committee
0617,Scott,,Owen,5,,SIGGRAPH Committee,2017-2023 Governance Advisory Board
0618,Maria,,Palazzi,2,,Conference Committee,1988 A/V Chair
0619,Maria,,Palazzi,4,,Pioneer,1988 Pioneer
0620,Garry,M.,Paxinos,2,,Conference Committee,1998 Creative Applications Laboratory
0621,Garry,M.,Paxinos,3,,Executive Committee,1999-2002 Executive Committee
0622,Garry,M.,Paxinos,4,,Pioneer,1998 Pioneer
0623,Celia,,Pearce,2,,Conference Committee,1998 Panels Chair
0624,Celia,,Pearce,4,,Pioneer,1998 Pioneer
0625,Jon,,Peddie,4,,Pioneer,1965 Pioneer
0626,Simon,,Penny,2,,Conference Committee,1993 Art Gallery Chair
0627,Simon,,Penny,4,,Pioneer,Pioneer
0628,Ken,,Perlin,1,,Award,2008 Computer Graphics Achievement Award
0629,Ken,,Perlin,1,,Award,2008 SIGGRAPH Academy
0630,Ken,,Perlin,4,,Pioneer,1982 Pioneer
0631,Hanspeter,,Pfister,1,,Award,2020 SIGGRAPH Academy
0632,Hanspeter,,Pfister,2,,Conference Committee,2006 Sketches & Apps Chair
0633,Hanspeter,,Pfister,2,,Conference Committee,2012 Technical Papers Chair
0634,Hanspeter,,Pfister,3,,Executive Committee,2020-2023 Executive Committee
0635,Michael,,Pique,4,,Pioneer,1975 Pioneer
0636,Maxwell,,Planck,2,,Conference Committee,2019 VR Theater Director
0637,Dana,,Pleyps,4,,Pioneer,1983 Pioneer
0638,Dana,,Pleyps,5,,SIGGRAPH Committee,1994 Animation Theater Producer
0639,Dana,,Pleyps,5,,SIGGRAPH Committee,1983-2020 SIGGRAPH Video Review Editor/Administrator
0640,Zoran,,Popovic,1,,Award,2004 Significant New Researcher Award
0641,Mike,,Potel,4,,Pioneer,1972 Pioneer
0642,Mitch,,Prater,4,,Pioneer,1978 Pioneer
0643,Camille,,Price,2,,Conference Committee,1981 Local Arrangements Chair
0644,Camille,,Price,4,,Pioneer,1981 Pioneer
0645,Corinne,,Price,2,,Conference Committee,2019 Student Volunteers Chair
0646,Corinne,,Price,2,,Conference Committee,2020 Attendee Experience Manager
0647,Patric,,Prince,2,,Conference Committee,1986 Art Gallery Chair
0648,Patric,,Prince,4,,Pioneer,1986 Pioneer
0649,Kristy,,Pron,2,,Conference Committee,2020 Conference Chair
0650,Kristy,,Pron,2,,Conference Committee,2015 Emerging Technologies Chair
0651,Kristy,,Pron,2,,Conference Committee,2016-2017 Experience Hall Manager
0652,Kristy,,Pron,2,,Conference Committee,2018 General Submissions Chair
0653,Kristy,,Pron,2,,Conference Committee,2022 Labs Chair
0654,Przemyslaw,,Prusinkiewicz,1,,Award,1997 Computer Graphics Achievement Award
0655,Przemyslaw,,Prusinkiewicz,1,,Award,2018 SIGGRAPH Academy
0656,Przemyslaw,,Prusinkiewicz,4,,Pioneer,1997 Pioneer
0657,Anna,C. M.,Queiroz,2,https://history.siggraph.org/person/angus-graeme-forbes/,Conference Committee,2023 Immersive Pavillion Chair
0658,Anna,C. M.,Queiroz,5,,SIGGRAPH Committee,2022-2023 Immersive Committee
0659,Denise,,Quesnel,2,,Conference Committee,2015-2017 VR Village Chair/Co-Chair
0660,Iñigo,,Quilez,1,,Award,2022 Practitioner Award
0661,Jaime,E.,Radwan,2,,Conference Committee,2010 Director of Outreach
0662,Ravi,,Ramamoorthi,1,,Award,2007 Significant New Researcher Award
0663,Ravi,,Ramamoorthi,1,,Award,2019 SIGGRAPH Academy
0664,Brittany,,Ransom,2,,Conference Committee,2017 Studio Chair
0665,Brittany,,Ransom,2,,Conference Committee,2019 Art Gallery Chair
0666,Ramesh,,Raskar,1,,Award,2017 Computer Graphics Achievement Award
0667,Ramesh,,Raskar,1,,Award,2018 SIGGRAPH Academy
0668,Ramesh,,Raskar,3,,Executive Committee,2013-2015 EC Director
0669,John,,Rauh,4,,Pioneer,1976 Pioneer
0670,Julia,,Read,2,,Conference Committee,2023 VR Theater Director
0671,Chris,,Redmann,2,,Conference Committee,2020 Immersive Pavilion Chair
0672,Chris,,Redmann,2,,Conference Committee,2021-2022 General Submissions Chair
0673,Michael,,Reed,2,,Conference Committee,2019 Courses Chair
0674,Michael,,Reed,2,,Conference Committee,2021 Labs Chair
0675,Victoria,,Rege,2,,Conference Committee,2019 Immersive Pavilion Chair
0676,Susan,,Reiser,2,,Conference Committee,2020 Courses Chair
0677,Susan,,Reiser,2,,Conference Committee,2023 General Submissions Chair
0678,Sandy,,Ressler,2,,Conference Committee,2003 Web 3D Committee
0679,Sandy,,Ressler,4,,Pioneer,1974 Pioneer
0680,Everardo,,Reyes,2,,Conference Committee,2019 Art Papers Chair
0681,Craig,,Reynolds,4,,Pioneer,1971 Pioneer
0682,Craig,,Reynolds,5,,SIGGRAPH Committee,2020-2023 Research Career Development Committee
0683,Theresa-Marie,,Rhyne,2,,Conference Committee,1996 Panels Chair
0684,Theresa-Marie,,Rhyne,3,,Executive Committee,1996-1999 Executive Committee
0685,Theresa-Marie,,Rhyne,4,,Pioneer,1996 Pioneer
0686,Markus,,Riebe,4,,Pioneer,1983 Pioneer
0687,Daniel,,Robbins,4,,Pioneer,1987 Pioneer
0688,Alyn,,Rockwood,1,,Award,2017 Outstanding Service Award
0689,Alyn,,Rockwood,2,https://history.siggraph.org/person/alyn-p-rockwood/,Conference Committee,2003 Conference Chair
0690,Alyn,,Rockwood,2,,Conference Committee,1999 Technical Papers Chair
0691,Alyn,,Rockwood,3,,Executive Committee,"2005-2007,2016-2018 Executive Committee Member"
0692,Mikki,,Rose,2,,Conference Committee,2019 Conference Chair
0693,Mikki,,Rose,2,,Conference Committee,2012 Student Volunteers Chair
0694,Mikki,,Rose,2,,Conference Committee,2014 Computer Animation Festival Co-Chair
0695,Mikki,,Rose,2,,Conference Committee,2016 Production Sessions Chair
0696,Mikki,,Rose,3,,Executive Committee,2019-2023 CAG Chair
0697,Natalie,,Rountree,2,,Conference Committee,2019 Adaptive Technology Co-Chair
0698,Natalie,,Rountree,2,,Conference Committee,2020 Adaptability Focus Co-Chair
0699,Cynthia,Beth,Rubin,4,,Pioneer,1983 Pioneer
0700,Cynthia,Beth,Rubin,5,,SIGGRAPH Committee,2017-2023 SIGGRAPH Academy Committee
0701,Cynthia,Beth,Rubin,5,,SIGGRAPH Committee,2007-2011 Distinguished Artist Award Committee
0702,Cynthia,Beth,Rubin,5,,SIGGRAPH Committee,2017-2023 ACM SIGGRAPH Academy Committee
0703,Teri,,Rueb,2,,Conference Committee,2014 Art Papers Chair
0704,Holly,,Rushmeier,1,,Award,2013 Computer Graphics Achievement Award
0705,Holly,,Rushmeier,1,,Award,2018 SIGGRAPH Academy
0706,Holly,,Rushmeier,2,,Conference Committee,1996 Technical Papers Chair
0707,Holly,,Rushmeier,4,,Pioneer,1996 Pioneer
0708,Szymon,,Rusinkiewicz,2,,Conference Committee,2020 Technical Papers Chair
0709,Sarah,,Rust,2,,Conference Committee,2020 Student Volunteers Chair
0710,Hanen,,Samet,1,,Award,2019 SIGGRAPH Academy
0711,Dan,,Sandin,2,,Conference Committee,1981 CAF / Electronic Theater Chair
0712,Dan,,Sandin,4,,Pioneer,1981 Pioneer
0713,Kathryn,,Saunders,2,,Conference Committee,1999 E-Tech Chair
0714,Kathryn,,Saunders,2,,Conference Committee,2001 Panels Chair
0715,Kathryn,,Saunders,3,,Executive Committee,2007-2009 Executive Committee
0716,Kathryn,,Saunders,4,,Pioneer,1999 Pioneer
0717,Joe,,Scala,2,,Conference Committee,1977 Film & Video Show Chair
0718,Joe,,Scala,4,,Pioneer,1977 Pioneer
0719,Patsy,,Scala,2,,Conference Committee,1977 Video Films
0720,Patsy,,Scala,4,,Pioneer,1977 Pioneer
0721,Nan,,Schaller,3,,Executive Committee,1995-1998 Executive Committee
0722,Nan,,Schaller,4,,Pioneer,1995 Pioneer
0723,Peter,,Schröder,1,,Award,2003 Computer Graphics Achievement Award
0724,Adriana,,Schulz,5,,SIGGRAPH Committee,2022-2023 WIGRAPH Community Group  Chair
0725,Lillian,F.,Schwartz,1,,Award,2015 Distinguished Artist Award
0726,Lillian,F.,Schwartz,1,,Award,2018 SIGGRAPH Academy
0727,Marla,,Schweppe,2,,Conference Committee,1999 Art Gallery Chair
0728,Marla,,Schweppe,4,,Pioneer,1999 Pioneer
0729,Bill,,Seaman,1,,Award,2021 Distinguished Artist Award
0730,Jan,,Searleman,4,,Pioneer,1978 Pioneer
0731,Jan,,Searleman,5,,SIGGRAPH Committee,2017-2023 History Committee
0732,Jan,,Searleman,5,,SIGGRAPH Committee,2015-2023 Digital Arts Committee
0733,Jan,,Searleman,6,,Chapters,"2006-2015 Faculty Advisor, Clarkson University Student Chapter"
0734,Tom,W.,Sederberg,1,,Award,2006 Computer Graphics Achievement Award
0735,Tom,W.,Sederberg,1,,Award,2018 SIGGRAPH Academy
0736,Dan,A.,Seeley,4,,Pioneer,1982 Pioneer
0737,Jennifer,,Seevinck,4,,Pioneer,1996 Pioneer
0738,Jennifer,,Seevinck,6,,Chapters,"2017-2019 Vice President, Brisbane Chapter (Australia)"
0739,Pete,,Segal,4,,Pioneer,1979 Pioneer
0740,Pete,,Segal,5,,SIGGRAPH Committee,2021-2023 History Committee
0741,Pete,,Segal,5,,SIGGRAPH Committee,2021-2023 Practitioners Development Committee
0742,Basak,,Senova,2,,Conference Committee,2014 Art Gallery Chair
0743,Edward,A.,Shanken,2,,Conference Committee,2016 Art Papers Chair
0744,Jeffrey,,Shaw,1,,Award,2020 Distinguished Artist Award
0745,Alla,,Sheffer,1,https://history.siggraph.org/person/alla-sheffer/,Award,2020 SIGGRAPH Academy
0746,Alla,,Sheffer,2,,Conference Committee,2023 Technical Papers Chair
0747,Damon,,Shelton,4,,Pioneer,Pioneer
0748,Shuzo,,Shiota,4,,Pioneer,1996 Pioneer
0749,Shuzo,,Shiota,5,,SIGGRAPH Committee,2018-2019 Computer Animation Festival Advisory Board
0750,Shuzo,,Shiota,5,,SIGGRAPH Committee,2018-2019 Practitioner Award Committee
0751,Dave,,Shreiner,2,,Conference Committee,2014 Conference Chair
0752,Dave,,Shreiner,2,,Conference Committee,2006 Courses Chair
0753,Dave,,Shreiner,2,,Conference Committee,2009 Director of Knowledge Transfer
0754,Dave,,Shreiner,3,,Executive Committee,2015-2017 Executive Committee
0755,Philipp,,Slusallek,4,,Pioneer,1986 Pioneer
0756,Alvy Ray,,Smith,1,https://history.siggraph.org/person/alvy-ray-smith/,Award,1990 Computer Graphics Achievement Award
0757,Alvy Ray,,Smith,4,,Pioneer,1990 Pioneer
0758,Jill,,Smolin,2,,Conference Committee,1999 Community Outreach Chair
0759,Jill,,Smolin,2,,Conference Committee,2003 Special Sessions Chair
0760,Jill,,Smolin,2,,Conference Committee,2005 Panels Chairs
0761,Jill,,Smolin,2,,Conference Committee,2005 Special Sessions Chair
0762,Noah,,Snavely,1,,Award,2014 Significant New Researcher Award
0763,Jerome,,Solomon,2,,Conference Committee,2017 Conference Chair
0764,Jerome,,Solomon,2,,Conference Committee,2007 Panels Chair
0765,Jerome,,Solomon,2,,Conference Committee,2007 Special Sessions Chair
0766,Jerome,,Solomon,2,,Conference Committee,2013 CAF Production Sessions Chair
0767,Vibeke,,Sorensen,2,,Conference Committee,2007 Art Gallery Chair
0768,Olga,,Sorkine-Hornung,1,,Award,2011 Significant New Researcher Award
0769,Olga,,Sorkine-Hornung,2,,Conference Committee,2019 Technical Papers Chair
0770,Christy,,Spangler,4,,Pioneer,1987 Pioneer
0771,Christy,,Spangler,6,,Chapters,"2018-2023 Treasurer, Fort Lauderdale Chapter"
0772,Stephen,,Spencer,1,,Award,2008 Outstanding Service Award
0773,Stephen,,Spencer,3,,Executive Committee,1995-2007 Executive Committee
0774,Stephen,,Spencer,4,,Pioneer,1995 Pioneer
0775,Rejane,,Spitz,2,,Conference Committee,2005 International Liaisons
0776,Rejane,,Spitz,4,,Pioneer,1983 Pioneer
0777,Rejane,,Spitz,5,,SIGGRAPH Committee,1992-2023 Education Committee
0778,Rejane,,Spitz,5,,SIGGRAPH Committee,2019-2023 Distinguished Educator Award Committee
0779,Josef,,Spjut,2,,Conference Committee,2023 Games Focus Area Chair
0780,David,,Spoelstra,2,,Conference Committee,"1992, 1994 A/V Chair"
0781,David,,Spoelstra,2,,Conference Committee,1996 Computer Systems Chair
0782,David,,Spoelstra,2,,Conference Committee,"1999, 2006, 2010, 2014, 2020 GraphicsNet Chair/Co-Chair"
0783,David,,Spoelstra,2,,Conference Committee,2021 Platform Technology Liaison
0784,David,,Spoelstra,3,,Executive Committee,2020-2022
0785,Jos,,Stam,1,,Award,2005 Computer Graphics Achievement Award
0786,Jos,,Stam,1,,Award,2018 SIGGRAPH Academy
0787,Jos,,Stam,4,,Pioneer,1982 Pioneer
0788,Jos,,Stam,5,,SIGGRAPH Committee,"2001, 2003, 2004, 2006, 2008 Papers Committee"
0789,Courtney,,Starrett,2,,Conference Committee,2019 E-Tech Chair
0790,Courtney,,Starrett,2,,Conference Committee,2022 Community Engagement Chair
0791,Courtney,,Starrett,2,,Conference Committee,2023 Labs Chair
0792,David,,Steffen,4,,Pioneer,1989 Pioneer
0793,Maureen,C.,Stone,2,,Conference Committee,1987 Papers Chair
0794,Maureen,C.,Stone,3,,Executive Committee,1988-1989 Executive Committee
0795,Maureen,C.,Stone,4,,Pioneer,1987 Pioneer
0796,Paul,,Strauss,2,,Conference Committee,2013 Courses Chair
0797,Paul,,Strauss,3,,Executive Committee,2015-2020 Executive Committee
0798,Gracie,Arenas,Strittmatter,2,,Conference Committee,2013 Student Volunteer Program Chair
0799,Gracie,Arenas,Strittmatter,2,,Conference Committee,2019 Real-Time Live! Chair
0800,Rebecca,,Strzelec,2,,Conference Committee,2012 Conference Chair
0801,Rebecca,,Strzelec,2,,Conference Committee,2009 Art Gallery Chair
0802,Rebecca,,Strzelec,2,,Conference Committee,2007 Studio Chair
0803,Rebecca,,Strzelec,2,,Conference Committee,2008 Conference Arts Director
0804,Rebecca,,Strzelec,3,,Executive Committee,2014-2016 CAG Chair
0805,Karen,,Sullivan,2,,Conference Committee,2002 Art Gallery Chair
0806,Ivan,,Sutherland,1,,Award,1983 Steven Anson Coons Award
0807,Ivan,,Sutherland,1,,Award,2018 SIGGRAPH Academy
0808,Ivan,,Sutherland,4,,Pioneer,1983 Pioneer
0809,Victoria,,Szabo,2,,Conference Committee,2013 Art Gallery Chair
0810,Victoria,,Szabo,2,,Conference Committee,2015 Art Papers Chair
0811,Victoria,,Szabo,4,,Pioneer,Pioneer
0812,Victoria,,Szabo,5,,SIGGRAPH Committee,Digital Arts Committee
0813,Steven,,Tanimoto,2,,Conference Committee,1980 Student Volunteers Chair
0814,Steven,,Tanimoto,4,,Pioneer,1977 Pioneer
0815,Gabriel,,Taubin,4,,Pioneer,1990 Pioneer
0816,Aaron,,Thibault,4,,Pioneer,1981 Pioneer
0817,Chris,,Tome,2,,Conference Committee,2000 Studio Chair
0818,James,,Tompkin,2,,Conference Committee,2023 Posters Chair
0819,Marisa,,Tontaveetong,5,,SIGGRAPH Committee,2018- 2021 SIGGRAPH CARES
0820,Marisa,,Tontaveetong,5,,SIGGRAPH Committee,"2015, 2020 S3 Early Career Development"
0821,Marisa,,Tontaveetong,5,,SIGGRAPH Committee,2020- 2021 Digital Presence Strategy Group Committee
0822,Marisa,,Tontaveetong,5,,SIGGRAPH Committee,2018-2022 Nurturing Communities Committee
0823,Herman,,Towles,4,,Pioneer,1975 Pioneer
0824,Joan,,Truckenbrod,2,,Conference Committee,1998 Art Gallery Chair
0825,Joan,,Truckenbrod,4,,Pioneer,1982 Pioneer
0826,Daria,,Tsoupikova,2,,Conference Committee,2021 Art Papers Chair
0827,Daria,,Tsoupikova,2,,Conference Committee,2022 Art Gallery Chair
0828,Greg,,Turk,1,,Award,2012 Computer Graphics Achievement Award
0829,Greg,,Turk,1,,Award,2018 SIGGRAPH Academy
0830,Greg,,Turk,2,,Conference Committee,2008 Papers Chairs
0831,Anna,,Ursyn,4,,Pioneer,1986 Pioneer
0832,Anna,,Ursyn,5,,SIGGRAPH Committee,2013-2023  Education Committee
0833,Andy,,van Dam,1,https://history.siggraph.org/person/andries-andy-van-dam/,Award,1991 Steven Anson Coons Award
0834,Andy,,van Dam,1,,Award,2019 Distinguished Educator Award
0835,Andy,,van Dam,4,,Pioneer,1967 Pioneer
0836,Michiel,,van de Panne,1,,Award,2022 Computer Graphics Achievement Award
0837,Steina,,Vasulka,1,,Award,2016 Distinguished Artist Award
0838,Steina,,Vasulka,1,,Award,2018 SIGGRAPH Academy
0839,Roman,,Verostko,1,,Award,2009 Distinguished Artist Award
0840,Roman,,Verostko,1,,Award,2018 SIGGRAPH Academy
0841,Roman,,Verostko,4,,Pioneer,Pioneer
0842,Warren,N.,"Waggenspack, Jr.",2,,Conference Committee,1999 Conference Chair
0843,Warren,N.,"Waggenspack, Jr.",2,,Conference Committee,1996 Sketches & Apps Chair
0844,Warren,N.,"Waggenspack, Jr.",2,,Conference Committee,2000 Fundamentals Seminars
0845,Warren,N.,"Waggenspack, Jr.",4,,Pioneer,1996 Pioneer
0846,Greg,J.,Ward,1,,Award,2018 SIGGRAPH Academy
0847,Marceli,,Wein,4,,Pioneer,1969 Pioneer
0848,Ruth,,West,2,,Conference Committee,2017 Art Papers Chair
0849,Gordon,,Wetzstein,1,,Award,2018 Significant New Researcher Award
0850,Jackie,,White,1,,Award,2019 Outstanding Service Award
0851,Jackie,,White,2,,Conference Committee,2000 Conference Chair
0852,Jackie,,White,2,,Conference Committee,1997 Community Outreach Chair
0853,Jackie,,White,2,,Conference Committee,2002 Special Sessions
0854,Jackie,,White,3,,Executive Committee,"2005-2009, 2013 CAG Chair"
0855,Jackie,,White,3,,Executive Committee,"1975, 2011-2015 Executive Committee"
0856,Jackie,,White,4,,Pioneer,1988 Pioneer
0857,Turner,,Whitted,1,,Award,1986 Computer Graphics Achievement Award
0858,Turner,,Whitted,1,,Award,2013 Steven Anson Coons Award
0859,Turner,,Whitted,1,,Award,2018 SIGGRAPH Academy
0860,Turner,,Whitted,2,,Conference Committee,1997 Papers Chair
0861,Turner,,Whitted,3,,Executive Committee,2010-2012 Executive Committee
0862,Turner,,Whitted,4,,Pioneer,1986 Pioneer
0863,Mary,C.,Whitton,1,,Award,2013 Outstanding Service Award
0864,Mary,C.,Whitton,3,,Executive Committee,1990-1998 Executive Committee
0865,Mary,C.,Whitton,4,,Pioneer,1977 Pioneer
0866,Mary,C.,Whitton,5,,SIGGRAPH Committee,History Committee
0867,Lance,J.,Williams,1,,Award,2001 Steven Anson Coons Award
0868,Michael,,Wimmer,4,,Pioneer,1997 Pioneer
0869,Michael,,Wolf,4,,Pioneer,1990 Pioneer
0870,Adrianne,,Wortzel,4,,Pioneer,1992 Pioneer
0871,Bonnie,,Mitchell,5,,SIGGRAPH Committee,1994-2000 Education Committee
0872,Chris,,Wyman,2,,Conference Committee,2012 Late-Breaking Chair
0873,Chris,,Wyman,2,,Conference Committee,2013 General Submissions Chair
0874,Chris,,Wyman,2,,Conference Committee,2023 Courses Chair
0875,Brian,,Wyvill,3,,Executive Committee,2013-2020 Executive Committee
0876,Brian,,Wyvill,4,,Pioneer,1975 Pioneer
0877,Brian,,Wyvill,5,,SIGGRAPH Committee,2006-2012 Small Conference Committee
0878,Rebecca,Ruige,Xu,5,,SIGGRAPH Committee,2021-2023 Digital Arts Committee
0879,Cem,,Yuksel,2,,Conference Committee,2023 Real-Time Live! Chair
0880,Amit,,Zoran,2,https://history.siggraph.org/person/amit-zoran-2/,Conference Committee,2015 Art Gallery Chair
0881,Denis,,Zorin,1,,Award,2019 Computer Graphics Achievement Award
0882,Mike,,Zyda,4,,Pioneer,1973 Pioneer
0883,Bonnie,,Mitchell,5,,SIGGRAPH Committee,2018-2023 History Committee
0884,Marc,,Levoy,1,,Award,1996 Computer Graphics Achievement Award
0885,Marc,,Levoy,4,,Pioneer,1971 Pioneer
0886,David,,Evans,1,,Award,1989 Steven Anson Coons Award
0887,David,,Evans,4,,Pioneer,1965 Pioneer
0888,John,,Warnock,1,,Award,1989 Computer Graphics Achievement Award
0889,John,,Warnock,4,,Pioneer,1989 Pioneer
0890,Jose,Luis,Encarnação,1,,Award,1995 Steven Anson Coons Award
0891,Jose,Luis,Encarnação,4,,Pioneer,Pioneer
0892,Richard (Dick),,Shoup,1,,Award,1990 Computer Graphics Achievement Award
0893,Richard (Dick),,Shoup,4,,Pioneer,Pioneer
0894,James,H,Clark,1,,Award,1984 Computer Graphics Achievement Award
0895,James,H,Clark,4,,Pioneer,Pioneer
0896,Tomoyuki,,Nishita,1,,Award,2005 Steven Anson Coons Award
0897,Tomoyuki,,Nishita,4,,Pioneer,1987 Pioneer
0898,Ron ,,Fedkiw,1,,Award,2005 Significant New Researcher Award
0899,Richard,,Szeliski,1,,Award,2011 Computer Graphics Achievement Award
0900,Joseph,,Reynolds,4,,Pioneer,1964 Pioneer
0901,Joseph,,Reynolds,5,,Chapters,"Austin, Texas Chapter"